real_x,real_y,real_yaw,cluster_x,cluster_y,cluster_yaw,densest_x,densest_y,densest_yaw
-1493.5486357059324,62.86931998101287,0.08558001508034341,-1493.4938472310282,123.02666398572866,6.280099071332752,-1493.5432497253628,122.86636102092507,6.28292111182033
-1494.805561282209,124.78722269155121,0.11344367790805965,-1493.4920001936998,183.1398399332539,6.278709534353974,-1493.5299910419803,182.7343253848003,6.282853849442112
-1496.8716017531551,185.85137743591673,0.10522853395373666,-1493.188662891282,242.54510807254383,6.277806280043004,-1493.509536948793,242.59313134605964,6.282619762388407
-1499.269409758432,250.13101785929172,0.2311288717173321,-1493.2243505299111,302.1432123357531,6.2768334333451765,-1493.505516294107,302.66502181510896,6.282487493040439
-1501.5530893538617,307.4960448564613,0.10053061294851418,-1493.0295980921662,362.1786011966779,6.276105759088774,-1493.6020767765638,362.6802731878015,6.282718766123782
-1503.6185408115794,368.68237917956833,0.09084261532188354,-1492.382392714344,422.4593418637155,6.2752934149035005,-1493.7163556641717,422.5452994701318,6.282997622560582
-1505.1803236572166,430.068924106008,0.08298859251852075,-1492.0606637803373,482.47675315991046,6.274743355968763,-1493.7597081435806,482.48507133319254,6.283001996875835
-1505.4313015627515,492.20132130990754,0.07669786212883523,-1492.213155796207,542.2391468943904,6.2740295145687055,-1494.094197610236,542.4507109867254,6.282744710262596
-1505.7857215409058,552.975646022639,0.05958327808963393,-1495.3601371718123,608.1554716902776,0.009335933961814815,-1493.9432592482153,602.4579463198652,-7.312112901576e-05
-1505.6847499679197,615.57006215314,0.075586331134744,-1491.6116086569552,661.5636190578849,6.273436078643187,-1494.1153091464348,662.2812001319617,6.283096700418104
-1504.7984521624905,676.3857448879987,0.04063911843397072,-1491.451294032512,721.5524061027354,6.272858643183463,-1494.172422102681,722.2708157582592,6.282936684458758
-1503.5162411467606,739.3438846094416,0.05349437781509181,-1497.2783548836917,782.5016378865905,0.010509399631573773,-1494.127899421093,782.5137059195868,-8.626736108657261e-05
-1501.9184850661798,802.982026135787,0.037046408394076025,-1490.849068257982,841.488043196834,6.271999227547907,-1494.18072396355,842.3159537162219,6.283418709515913
-1500.0841301931869,864.3030967439998,0.026984929702195792,-1497.6788568943832,902.9638882883753,0.01161708731668658,-1493.9184537277595,902.5190119042782,0.0004579637287805492
-1497.2180761346458,925.8604430694536,0.01908461135371109,-1498.2868354988752,962.7180667602222,0.01199771490103296,-1493.9869556885662,962.4308699820022,0.0004490074235753317
-1494.2734837556075,986.6704316745733,0.016881902453562248,-1498.501442790567,1023.3928682906104,0.012424775081084298,-1493.8883377250154,1022.2156858939679,0.0003408352205007838
-1490.9235903149497,1051.5078250754639,0.1284514119440523,-1498.6087949369428,1082.7046047983094,0.012351958079811582,-1493.8579064560115,1082.2458193298407,0.0007334654122448073
-1487.5477473327298,1112.7608404469029,0.1364268727602429,-1499.4955909590647,1142.478648196872,0.012718298485760829,-1493.8543647183112,1142.5584145979892,0.0003143353145348095
-1484.2243500560185,1173.9003802260763,0.13888843001167572,-1500.840599182565,1210.9939237715241,0.013067750545362126,-1493.9429026276628,1202.8699045122503,0.00014189632839313636
-1480.9036958867453,1235.026315387717,0.13559407355364428,-1501.6184418008768,1263.3342445675776,0.013823609406146598,-1494.1187561598476,1263.0057938799182,0.00012370381307479412
-1477.5849343555533,1296.176276838987,0.1388921006376833,-1502.1913628571758,1323.4090769429904,0.014013872574492426,-1494.1206854987606,1322.8499912705802,-7.281306871035754e-05
-1474.2702444993506,1357.3031266975788,0.1356837258465271,-1503.226809039628,1380.227946765365,0.014105247149277,-1494.0362901364663,1382.877923695136,-0.00020859382764326114
-1470.9575386041433,1418.4535116107766,0.1389825921195582,-1484.1340876081692,1442.5138189226395,6.268608870435513,-1493.781954408579,1442.8704954980767,6.2828238932363885
-1467.648802199569,1479.5808141924142,0.13575678728856744,-1484.3236451434568,1502.1756131571158,6.26826116361312,-1493.9663521791501,1502.5808599423126,6.2830578867924896
-1464.3479265874964,1540.735278707154,0.13837351030156064,-1483.5653429195074,1561.0610314231562,6.2678577606810375,-1494.0678742884536,1562.750379991494,6.282654988029175
-1461.0527732627338,1601.8730080836956,0.13816998611611986,-1483.5998258206785,1624.6188186724987,6.2667635036029425,-1494.2288478869998,1622.7909701878434,6.282940948935422
-1457.7594998052145,1663.0119669662329,0.13825680049345124,-1482.892691512085,1681.5317799682455,6.26641986008767,-1494.3409280618773,1682.9160211184872,6.282935402284636
-1454.4684416746966,1724.1507983603947,0.13828237620028716,-1482.1315055037103,1742.1905458746066,6.265977529413372,-1494.3838419452807,1743.1616978252896,6.282680382923538
-1451.1794983482098,1785.2897848180555,0.1383202809866244,-1506.893468867728,1813.6194536719868,0.016948090214533192,-1494.3973504576047,1802.8894403374425,-0.0007829496888834289
-1447.8926613119704,1846.428865584724,0.13835514960463335,-1479.6453792555583,1861.4982415757715,6.26473630844285,-1494.3452982473411,1862.8610052050599,6.282406963559382
-1444.6079029237997,1907.568051428281,0.13839016233585344,-1479.4492842913799,1921.5452415439104,6.264647827482094,-1494.2255903807445,1922.6897088342048,6.282293958888921
-1441.3570861192786,1968.7146683877568,0.13827577258428558,-1479.0839223527182,1976.800559607503,6.264454421797468,-1494.339044422158,1982.7966907122382,6.2825807588165
-1438.4828292208751,2026.3580052003415,0.015084932437495091,-1478.0150675103732,2042.3795318717735,6.264241974454247,-1494.288335380906,2042.8934511941952,6.282800033334003
-1434.9866064921455,2087.5954367775867,0.003603408195396618,-1510.598444723481,2104.3017041641415,0.01783026367089908,-1494.6363362345178,2103.0446851649513,-0.0002780754466494076
-1428.022058781636,2153.134138101314,0.14307599795425574,-1512.283946131637,2163.549520588639,0.019122078135796004,-1494.6364084640152,2163.025841929256,-0.00020415326994828114
-1423.2374964426756,2212.065585369938,0.16163881642856914,-1512.8596420304593,2228.6181426532894,0.019098568041317484,-1494.5553214839579,2222.8428735467087,-0.00022291370334927177
-1422.7190218515038,2266.1732776490944,0.03831961181334975,-1513.9082706248753,2284.1900981300532,0.019377269241807146,-1494.395597158841,2282.773928959464,6.370741883963443e-05
-1420.5473147123855,2327.064098729221,0.029931781727396967,-1514.6606514032505,2343.363332008472,0.019612638228365228,-1494.403795510224,2342.6635649263235,0.00028946762453540214
-1418.501698444553,2388.208084662168,0.02190577092018664,-1515.8679053582516,2416.7550787788755,0.020626289268156985,-1494.1406831968293,2402.678102920583,-7.012236052865048e-05
-1415.9427543513118,2449.4196285003104,0.013416252326308609,-1516.7244851243447,2463.4690899775883,0.01938053372599954,-1494.3879210474136,2462.5602871155297,-0.00010028144764193601
-1412.8622504082418,2510.5173507424242,0.005075598249383972,-1517.6745258444432,2523.8426240832746,0.020078960498264502,-1494.3578290156215,2522.385350190135,-0.00019820919327361583
-1409.2878329598493,2571.5073360154124,6.279606675383697,-1472.7240327379698,2575.432937649923,6.263097503758629,-1494.3819570376725,2582.315977319542,6.282733013415683
-1402.5609554879786,2637.0352155161418,0.14318305278215693,-1519.502413952897,2644.1445431089996,0.02021955332347407,-1494.6453760290922,2642.576240972149,-0.00021808862922643294
-1399.9753883247852,2694.538150788149,0.014561537417682402,-1519.3404257942364,2703.7435704893346,0.01971907181939314,-1494.6283740153522,2702.6451331143717,-0.00019749943742175668
-1396.836559252943,2755.546648907985,0.004332045384236594,-1520.1843784274743,2763.3285271635737,0.020294152110493402,-1495.0481168938245,2762.814337210776,0.00035902280834397424
-1393.2038797577754,2816.60770722167,6.278712675946804,-1520.157142039633,2829.0668917373528,0.020632694561649147,-1495.3131784103684,2822.679076109691,0.0003898563109146611
-1386.409439554386,2882.1346761966033,0.14243587926567436,-1521.441076762122,2883.9120580391823,0.02121204366206035,-1495.44731068499,2882.4732096025537,0.0007372323938699686
-1383.7633842808896,2939.680696268558,0.01423669069059219,-1520.4208089352917,2943.5806639988705,0.020815821116656325,-1495.3975250907965,2942.5336044821925,0.0005752550364243763
-1380.5487244175467,3000.8316504305426,0.004288364204791506,-1522.2327245701483,3017.948527655153,0.023542819498783975,-1495.5634411974195,3002.6292026150686,0.0006403561343557801
-1376.8527690704032,3061.876771094854,6.277811307999277,-1520.610788703128,3063.718184982211,0.02062300462065416,-1495.8997796966316,3062.6613700889957,0.0009823482669945264
-1361.662680162305,3078.96777728105,4.680073730642644,-1498.9227917707321,3064.7563863824407,4.6198480444967815,-1496.3169812062579,3062.651998897435,4.617305785276736
-1300.2697266553416,3076.5826049650796,4.757241216753299,-1461.8391801477453,3060.6414278393468,4.625526706095573,-1436.6799241936692,3057.2100532557306,4.617796754800776
-1234.1840536852344,3074.1875163891764,4.858525541473513,-1345.7219609263393,3054.7401298500795,4.622300747503406,-1377.28139038392,3051.352068928676,4.617646283869271
-1179.9908094630414,3071.0317201727844,4.678197452806397,-1315.1812490251011,3050.484791710936,4.621203247564937,-1317.9362124342424,3045.5999908770336,4.61633147589215
-1118.3340993648508,3067.12151002902,4.752145502914243,-1271.7718564935117,3046.940489003562,4.622692480884945,-1258.7554290232745,3039.7711681992687,4.6162317695005965
-1057.2726523252206,3064.0665362561163,4.727281278000999,-1156.2972977889892,3045.0132297456166,4.626098781946467,-1198.4694342936127,3034.587195524735,4.6178195176859544
-992.8405377546815,3060.521654184581,4.844650962904683,-1128.5369330750477,3040.4492002105553,4.625994894043443,-1139.1177108608656,3028.450694469432,4.616594446012989
-933.9329346844588,3055.0868536585567,4.863094650896656,-1087.0025307336002,3040.351344283291,4.631033782092402,-1079.5890484129345,3022.814156452946,4.6170872770391105
-877.0227232383274,3053.2765267098584,4.740459893192384,-1050.360636138309,3036.3922702251275,4.632938872841283,-1020.1697201050458,3017.245454773567,4.617480515105388
-815.5872875885036,3051.1224206793354,4.730803843699827,-944.9842917439261,3037.4261934467995,4.63900741825505,-960.9872664411391,3011.6399266573817,4.617764562571541
-754.4009028141442,3048.3356608980075,4.7224450087131284,-904.8501857831586,3037.214469065399,4.644547338870373,-901.4389655382083,3005.9600672744145,4.6176071681730235
-692.3985532908679,3044.3186726113,4.7223663934984375,-858.9558032046351,3036.448871021161,4.648462235630902,-841.7260972356926,3000.917035369078,4.618175043598674
-630.9259715475913,3040.4845909049063,4.739555273469117,-744.1252074972423,2957.8211655564223,4.591136065117769,-782.0022659538545,2995.6454501969047,4.619090918337929
-568.9908837495746,3036.594449790403,4.735797221142163,-720.1090856010308,2956.6944703670847,4.59256245610904,-722.876165391554,2988.795298695639,4.617661912594149
-506.2689772694806,3031.911322464305,4.750425304482951,-672.9077134202965,2953.9419764680356,4.596077396467669,-663.2665879528417,2982.775151293502,4.617283554776575
-444.16625186316594,3026.9996787927525,4.819727796031129,-640.6571570759666,2948.5377963936076,4.594133633834195,-603.6385268347226,2978.0871020162604,4.618253821397927
-383.62640556653565,3022.859619498018,4.838152110548457,-530.9045615608845,2942.0397059795573,4.597408945478675,-544.1987446653552,2970.64770472034,4.616578367075981
-323.6649264042149,3019.076679392382,4.834572418811868,-488.77314628109923,2938.519641463435,4.598516495493048,-484.49323685762147,2964.612707776596,4.6158880016271935
-265.5704848867093,3015.3443177532417,4.729683276283117,-451.2832061347001,2937.370221124596,4.601317672327479,-424.77187681354417,2959.6900810130155,4.616483909990281
-200.79551653075455,3010.492650966679,4.811761272519291,-340.7559224335031,2926.4759459321963,4.599763589275081,-365.17452391873485,2953.89772935816,4.616486021740425
-139.63317349753973,3005.862654262985,4.844338053295474,-303.24760568522953,2925.6654130058823,4.603110593022491,-305.38245733610165,2946.220973717278,4.6147897220349465
-82.4639035546555,3001.2397353674614,4.706472303738668,-261.68012873961595,2920.9248726284936,4.603999997371532,-245.6588525578668,2940.877790638383,4.615341693159884
-18.609622426565135,2995.7157101886182,4.814692503432453,-147.90954771590162,2909.8376413795104,4.605125773704976,-185.96854241360143,2936.1147509343573,4.616790766598814
41.7678705045152,2991.02264199798,4.821869320139965,-121.37457572058811,2911.23624094278,4.606992271260267,-126.2440883938716,2928.49291101156,4.615459599051004
102.47282903687366,2986.6285219168894,4.837785988822862,-79.35675152924243,2906.0636493093093,4.607036266510812,-66.91734026526319,2922.8106718985373,4.615972456646483
160.1199639317454,2982.5603580322013,4.717265964937992,-45.57250339635456,2904.890765507236,4.607177264162906,-7.048491538307189,2919.59800333196,4.617778953615544
177.28720914214148,2962.6995262788823,3.2128660492626535,-53.944491980081146,2902.2367494541095,2.893277618779993,-6.76758766432431,2925.707829851518,2.9714504103982042
176.5780334580068,2901.5180493719886,3.226216678533145,-62.693236079936035,2877.749784127022,2.8964009636254304,-16.718167291787722,2866.6743567825615,2.9709303069133517
174.85369378118318,2842.8481088132307,3.181890847989139,-65.23948066077048,2719.2989575593583,2.886434198780357,-26.378523270070218,2807.7514893316493,2.972099446461119
172.73306739315254,2779.8407872322773,3.19277993864315,-74.66222134845826,2702.895962109584,2.89030718337913,-36.438848714458345,2749.1036350208797,2.972550598453815
171.0569492526764,2714.9457829171224,3.205617231273769,-88.6845286704217,2670.075007034031,2.8890454644896044,-46.70675645677011,2690.3453820638715,2.9714793563101947
168.65883077729546,2654.5188933079276,3.164354349773064,-90.30366097875161,2515.7291133213516,2.8849307219004925,-56.99610126037942,2631.4708550880478,2.9715874979790673
166.08207146468067,2593.4542382407976,3.1555301623212033,-107.33358619074836,2505.072445204319,2.8834871509584983,-67.12006101831457,2572.1402356159388,2.9715591815970828
162.94645211683616,2532.284811069645,3.1463548753525825,-114.58193968515488,2488.673483595439,2.8951479148708352,-77.74613059071362,2512.551674813234,2.970897728138583
158.7909692814391,2467.466570343852,3.26885755772674,-65.55917236938453,2503.665774150932,3.0315519349943836,-88.11579565769989,2453.585397531927,2.9701150177498077
154.99182753884006,2407.0537543045025,3.272692369776877,-69.29378772235088,2489.432660409943,3.0401791358823127,-98.36802602638772,2394.6917154182847,2.9704051708207677
151.61800722711504,2349.018841808605,3.169887980900741,-89.49175630275843,2311.0433045018626,3.024449703147077,-108.52651313245224,2335.933586908477,2.9707421793452236
148.47252814516267,2283.436162663523,3.2191603722167583,-83.33941631977848,2305.404842131155,3.034415514821445,-118.21065672588429,2276.9424064362292,2.9712592094165933
144.62223062103925,2224.047823647724,3.1979615614972783,-78.14392615609005,2294.7988606875465,3.0411102857966137,-127.57645256498836,2218.4176388502938,2.972105941429728
142.38277369385702,2160.8323597998656,3.3040770355822064,-92.60088329666667,2109.427473138375,3.03141016037427,-137.47293727706392,2159.9544231713535,2.971920093052359
140.5975096648001,2100.1621055478886,3.2991171904801453,-90.70561125108087,2111.6321890863956,3.0343662896297032,-146.3092124769446,2101.533234010498,2.9732213690352483
138.22126893928305,2040.393873286929,3.201425202521929,-97.6760775064268,2100.974947060355,3.040719202705106,-154.93234611432172,2042.7270223612168,2.974128974096326
136.31667962724651,1977.2986121578724,3.3044622644276256,-96.78362818924256,2089.1118850458,3.0418687749285462,-164.6371138748441,1984.969701020147,2.974428140475235
129.82001757434656,1920.7843358777213,3.189286855322918,-101.93778262482135,1905.82790903321,3.0340454373396417,-175.25778041142803,1926.1693008562906,2.973688143838707
129.62075771738438,1856.0991283867688,3.2140724424705427,-100.52050978539602,1899.4941810169576,3.0428155945393054,-185.40332672616796,1866.829522654244,2.973700894948616
128.31408905822022,1793.5833370568296,3.1946167611506198,-289.86931445350154,1724.0996489165468,2.8947705511176385,-194.63624280209388,1807.5976763728959,2.9741920265357735
127.28610497955589,1731.673269406845,3.214551004945693,-306.59064768639286,1700.0773185061137,2.8930826963667178,-203.52390142634158,1748.6039945661923,2.974651699692883
126.2751477823967,1670.3482935757288,3.2005033836287806,-113.87158674579354,1708.1022972262303,3.040659183511536,-214.55529044666946,1689.4980725398746,2.9739851627800045
124.40646183967466,1605.0740847329143,3.3141576959989374,-119.0873738457318,1698.661903397845,3.0440534424296444,-223.3300911042502,1630.8545543995388,2.975059290913781
123.11453681449744,1547.1185000192822,3.205435859896726,-310.31988316792444,1511.8255922714966,2.910143120579421,-233.8830949900289,1572.3578984225423,2.9748999316671063
121.33854208608605,1486.1268725697341,3.175592046275858,-119.15744174717773,1511.8894030218953,3.0488785196548687,-242.74365693693653,1513.6270434504686,2.9755824324890043
119.39334515619527,1424.0217255617608,3.1893386759022797,-121.17571596410943,1491.2893552091093,3.052683460253993,-251.4574726729129,1455.5113766868963,2.976503880370307
116.75169378490344,1361.9924421808785,3.1740033979669136,-113.4516096805379,1485.9217658441553,3.0575656268862894,-260.0424739160362,1396.8006638637726,2.977112346545558
113.91670898998512,1300.9925096831507,3.1507053345780998,-491.55793447679184,1299.3563147924472,2.8613073155889865,-269.8362749336766,1337.6878487616978,2.977136603472908
110.15998831443385,1237.9938006324833,3.1961796368311113,-495.8410719581449,1288.0448794630872,2.8686024200535787,-278.10391973754577,1279.0193299617722,2.9783548065817866
106.25497044786908,1178.5811130424577,3.159336871500395,-118.07397907031567,1288.8210169814224,3.069847398729706,-286.7093846326402,1220.084690064571,2.979075637878867
101.71681654515874,1115.7315494084419,3.1556069869592753,-495.1410595511245,1107.357287205362,2.8756208922232993,-295.4648111372585,1159.8528852623867,2.97977572351454
96.44811317031869,1053.4366962128227,3.13600470222534,-504.3053075835493,1088.4981382051312,2.882555519068149,-305.5738864054524,1100.9810195412274,2.979875544533865
89.9980898410055,988.4525811324526,3.227087948845616,-108.48512722968506,1090.2198816727528,3.0795134899585785,-315.61377936843746,1042.8537327040403,2.9799046460840644
83.85702510360152,930.28910764916,3.1368413272458238,-506.9478908892148,923.7065206459569,2.890400561779085,-325.0182303660313,983.5685182827865,2.9807645367446556
78.33069091738443,871.800776215885,3.118029316055292,-290.754991670561,903.4845032095146,3.0071350341363665,-332.59152160623717,923.6060015552175,2.9814562255736643
71.60524591242566,806.7175480346541,3.2176000647580727,-279.2086956977688,892.18748343939,3.0132828582089926,-342.3985219452079,865.060277783803,2.981740724089909
65.30897437523129,749.31807023028,3.1157453348494815,-279.840988589579,887.0770738567644,3.0152027430528054,-353.3632766888313,805.6740543627302,2.981166556036716
59.453510720445266,690.0689037328136,3.1135617411940446,-293.2849456366598,706.9264878247824,3.009946698485765,-362.3962848048732,745.4678835399654,2.981028768224874
52.42267130818677,625.0009349573281,3.212213055368508,-282.67462864107654,703.7813921161412,3.01502648931161,-371.93659737220196,686.2559477657305,2.980508781241472
45.84587909391742,568.0347509392561,3.098871968996452,-282.0725746888975,685.2888869343255,3.021587405220988,-381.68039264989056,626.8805243525649,2.9811610226359617
38.38782222482197,504.4781904092569,3.212033060450019,-689.9239525951484,531.5296435783771,2.8569742610462248,-393.0391189308157,567.8995096599756,2.9805966010766145
31.675697252550794,443.6358232492677,3.224716797621416,-299.13375605208216,511.55866272932525,3.0188716395461856,-401.2721036665098,508.2869074435066,2.981106247359218
24.916390152232964,382.7082048436606,3.2286758938523206,-297.5737500022852,483.3295166229948,3.0239028182578513,-410.23013493761437,448.87394525118816,2.981453972021768
18.135443557891282,321.84715542188604,3.227877576186365,-302.01963104296243,484.9414218433724,3.0272908387602966,-418.32942338706016,390.10017620462895,2.982035317467236
11.331603782319608,260.977089643654,3.2267621626928804,-321.4005841856409,314.23292900953754,3.016356560627321,-427.6520841235042,330.4788915765366,2.982152776734368
4.497710698156808,200.10849694804295,3.22641872069282,-312.5400461690949,297.01622440053666,3.0231805252814397,-436.62049979664516,270.5508723447392,2.9817695337378876
-2.363352877100972,139.24334874288832,3.225926461196373,-313.72901062575005,293.5656790153992,3.0295981623403385,-444.86936360695336,211.80135937683372,2.9821589404115736
-9.252266609582128,78.38156763641811,3.225466021595962,-701.1385954520923,113.49160919014332,2.900491375687445,-456.2518664592567,152.99785698615506,2.981974186008559
-16.168916014157823,17.523189499195038,3.224998077169827,-319.29907581760546,108.51829966640682,3.02758035577484,-466.42140935584075,92.98398178724983,2.981345574599662
-23.11335849448867,-43.33177545280056,3.224531039525921,-310.3205136295393,94.66248280027938,3.0349064455877817,-473.93749245725576,33.9138288193426,2.982500980493148
-30.08561872489039,-104.18330874894392,3.22406274946069,-318.1186508896635,86.37563425117852,3.038929302958043,-484.1215537419098,-24.832543084700774,2.982324339214726
-51.19603317952699,-114.70936046952927,1.5020545978906643,-518.334501225041,-78.33956845641619,1.301957985636107,-495.1462143561116,-20.48594318418054,1.3326936467811714
-111.27516398261055,-111.846172129777,1.5700253182783728,-684.2580803715098,-68.73619330035255,1.3025466552179914,-554.9207641126377,-6.545994689433428,1.331821786026739
-172.70512617444282,-107.60759685904853,1.5879944023622858,-695.318277766529,-67.48384556310883,1.2969228770943904,-614.4956876308779,8.204406916340304,1.3307198659838553
-238.19756816524682,-102.13252825511512,1.6691133776932454,-506.69328891955877,83.54006016271336,1.3150598877277504,-670.1496138708467,23.046301065013722,1.3310104258155548
-299.3878509898826,-97.45643962502345,1.6758180198217958,-1093.7204315168187,92.4483775643604,1.1408440343129584,-729.5262903641938,36.73572226237957,1.3299887624523066
-356.07725679514164,-93.10238109727162,1.5568166227102882,-888.4295057702358,90.42949018651132,1.3146499680457477,-786.2347266914226,51.315955448979366,1.3297260286681265
-420.5251850948185,-87.23073724044674,1.6035740877564444,-908.494654607197,72.58155539889523,1.3034085270190765,-844.1218893777436,66.0222097315982,1.3294846535241025
-478.56026457910326,-82.01863601181488,1.5508225813027305,-925.2126959109873,79.98276114480772,1.304195649807246,-904.4462999480456,79.9941091487517,1.3287031035511898
-542.9541354017811,-75.44571804086925,1.5979263696131363,-1084.352751048649,92.34470566239762,1.320608508385668,-962.8494054537953,94.69999591690521,1.327921031446652
-604.1137258815146,-69.0300898851904,1.6556983505115945,-1091.5317106106777,96.74014223312412,1.3066729696699286,-1023.5245613315265,109.11906424227618,1.326318262986841
-660.5666756155457,-63.548552251658094,1.5401770087983415,-1120.4884288668231,101.03257796325079,1.3198631422860234,-1080.5461345034237,124.26890043142248,1.3264230684159182
-725.2627973967855,-56.68360209953178,1.6355636534887212,-1116.9072713980588,106.26047703785521,1.3062866948140326,-1137.1741683070834,139.07706269674236,1.3264355543289947
-781.9424176706059,-50.56541224110508,1.5305380757135207,-1292.4265864936167,123.53817442702679,1.3145959994531315,-1196.0655894211102,154.64271393252784,1.3259010880870143
-846.2083046635546,-42.86729594306034,1.6288562825477926,-1301.3565662489805,108.76938039088813,1.3160182785088075,-1254.2884444130843,169.35235718157492,1.324891541393761
-902.4996606268882,-35.34809943245377,1.50634425440885,-1292.8280016880958,122.49256969768372,1.3087729012170821,-1312.586210862857,184.74266370002442,1.3241337463710106
-965.4872307704361,-27.524898309164655,1.6260451533904532,-1478.5046816918064,267.7578242684379,1.324240377865833,-1369.9975814863203,199.87794379883871,1.3239260545209277
-1025.3265889294373,-20.037687466284417,1.6225950865844996,-1501.763283978997,267.565486692806,1.3096272962140885,-1427.274187020344,214.88660036290094,1.3235637407155332
-1082.4088792790806,-13.08053649994539,1.5187804805993803,-1525.5702054804324,273.5957102208132,1.3002334037355654,-1484.9913888558526,229.9889290594956,1.3228925473476603
-1146.8830666468348,-4.5794106373229475,1.6229176537102057,-1529.2422514802684,273.1639014721866,1.2850762013253885,-1543.165539461506,245.65325868577474,1.3225338595770142
-1207.7870844785282,3.9611103468190305,1.577713676899191,-1684.720076987215,303.66032990418097,1.3043300534803095,-1601.3328403384967,260.04171006361594,1.3227485513534623
-1264.977195594004,11.5644364203469,1.5063563337130148,-1713.1703805888385,290.48056489280424,1.3054307972607702,-1658.843154361401,274.6436745033525,1.322235266774539
-1329.0886926838527,20.50918671851135,1.608294203759212,-1881.9507557231325,286.2909906582803,1.3109023156645354,-1716.993499636183,290.74216182900545,1.3219886902516504
-1389.1291130486647,29.243085732501754,1.6052798831382278,-1889.689686120979,309.56263335061027,1.3133129801759604,-1774.2047525219623,305.4716640955785,1.3220224332159216
-1449.0575767105315,38.048176792938555,1.6072610142838144,-1913.744763499322,307.4027570277232,1.3135159269766858,-1831.8262881471219,320.3963914502947,1.32202886234665
-1508.3826202313658,46.95895186485078,1.5161684869428846,-2062.5283271163744,309.3209848211058,1.3114265668452216,-1890.1171055973136,336.46210578060254,1.321169368450556
-1566.7692101780437,56.34664644098709,1.4761558788161686,-2099.0439518236753,320.39436856711177,1.3227275301431034,-1948.3554577871334,350.94172034456915,1.3210129441852692
-1580.6645839227479,78.06792147164992,6.2570606446348895,-2072.284829120032,296.9122960855837,6.019757401605314,-1944.8762178151594,342.1830895628491,5.974673958623776
-1577.1001703235727,139.45651144502986,0.11659530914982597,-1908.0406867941413,495.2423337681058,5.8426819746393654,-1927.1569744853932,399.56313859512466,5.974641908221881
-1571.8840127618143,196.8950920239371,6.261407484629568,-1894.1613986455782,513.2329442617411,5.851157301468713,-1910.0491593981437,456.772233173745,5.974472288359625
-1565.6138456619142,261.27665135261003,0.08892201517634213,-1908.7962838377248,495.9885838762758,6.015446516131676,-1895.4681938452238,515.9694478754909,5.971764261749146
-1559.9005651831567,318.7416923812414,6.253643154483994,-1895.6528834956166,700.907399928456,5.849463561202854,-1874.6582696766295,570.8169907087668,5.974534661713187
-1553.0860496170155,383.08823437662477,0.08095774558566404,-1894.7121209107895,702.5399853071809,5.8517055902372705,-1857.476489859779,628.4124435124804,5.973833072296641
-1546.236679403815,444.0376903240404,0.08082039499927696,-2097.357614746,502.0468917375857,6.054400873897878,-1843.7912329132196,687.8916170219554,5.9699920082777345
-1539.3654466083458,504.9329854155037,0.08259502632691795,-1904.2079631846896,679.8396026794176,6.039888217917198,-1822.6935647314249,742.7554377130955,5.973412124061426
-1532.472725397125,565.8231083979869,0.08191136152077938,-1719.5437708126267,702.6015602230136,6.040484761947113,-1806.5344447997193,799.943861072541,5.972543043395911
-1525.5523703257618,626.7112454727547,0.0815587918832481,-1706.7916866176956,904.9553385933805,5.8545030354241385,-1788.838899836963,856.4591307482797,5.9733222461110556
-1518.6057756527412,687.5957787971021,0.081089805097319,-1689.7306705505985,894.2353590490088,6.009460127135055,-1771.6598492822582,914.0761695424653,5.972638335375989
-1511.6324303746765,748.4772507603341,0.0806599967897581,-1911.3186183860225,889.4181108783392,6.041631465435601,-1752.7066856089518,970.2123010697969,5.973488247724425
-1504.632483952479,809.3554342515904,0.08021427780349466,-1699.4754306543937,908.3169718106992,6.035457377426788,-1737.5436199020492,1027.8148039402631,5.9720009535204746
-1497.605851317709,870.230381107212,0.07977233751537316,-1896.729179682052,1085.0827938951609,6.035349154952792,-1720.9272972536335,1084.660140335487,5.9728548255914315
-1490.5525284812095,931.1020603813429,0.07932878982880087,-1881.784970849892,1097.2358675176151,6.040161312875924,-1703.0687957253956,1141.7318336845128,5.973143824243837
-1483.4724877438518,991.9704636630294,0.07888511809340581,-1711.0013424298627,1091.5835226056083,6.039849737354281,-1685.7425747012855,1197.9750542473803,5.975492220886742
-1476.3657069159485,1052.8355748982615,0.07844093087428128,-1513.9732704312273,1307.935814948916,5.878158483883705,-1670.135021166302,1254.818215364644,5.9732090293038995
-1469.2321625246427,1113.6973807528066,0.07799619708838268,-1877.4752356373997,1308.0230472533428,6.04287296907988,-1653.4501147180194,1311.3549080222847,5.973433125926311
-1462.071832068992,1174.5558670735934,0.07755108908876807,-1879.5979010482954,1301.6259545849084,6.049650448046671,-1636.5439347273098,1367.1952574943425,5.975164404232707
-1454.8846939261398,1235.4110192937083,0.07710552603719734,-1495.1810088032137,1496.8254666937837,5.865784668819929,-1620.0458299081258,1424.1321554191827,5.975766498771407
-1447.670725932358,1296.2628245715964,0.0766595198875537,-1482.359063592427,1514.6640013851709,5.874647112205213,-1602.758038425789,1480.449633691056,5.978022697229165
-1440.4299059131883,1357.111268233074,0.07621314182276429,-1516.8386135735307,1501.1324817770385,6.024273960222441,-1585.8307273735606,1537.10784280189,5.977258844555747
-1433.162212476103,1417.9563359836818,0.07576633993723902,-1327.8047187602363,1687.6567958174649,5.8608295595059134,-1567.4225291345513,1592.867793201528,5.974787884378584
-1425.8676231893483,1478.798013939211,0.07531913628085896,-1509.8186892828758,1513.8463321774368,6.013213422581568,-1550.3696746671383,1648.8433496859552,5.974898412294008
-1418.5461157742247,1539.63628748716,0.07487143319724865,-1719.1509969379044,1683.2079170134693,6.044333207113018,-1536.3009508844286,1706.0857972178792,5.97939732722756
-1411.197668302849,1600.4711431359963,0.07442332388610051,-1700.9025539790264,1711.5172949245696,6.037216192714345,-1520.0800310392262,1762.697403607528,5.979630796602243
-1403.8222584874966,1661.3025657857845,0.07397487345555653,-1506.6643405210032,1713.991309005236,6.024908653051742,-1503.6196582632413,1818.8423718225831,5.98091240592749
-1396.4198644077287,1722.1305415683983,0.07352586271660755,-1282.0340786031916,1906.2082294518814,5.86643971538871,-1490.0714650253037,1875.5798413639895,5.9842647665072
-1388.9904628225447,1782.9550559261904,0.07307651237417634,-1502.7145554532156,1893.7657369130159,6.0301270542144385,-1473.0481041255762,1931.283818076301,5.984310735535829
-1381.5340314939258,1843.7760939655484,0.0726267803543097,-1490.1331326813724,1888.7616259679335,6.023889185857463,-1457.9877781134942,1987.153716387661,5.986213997329325
-1374.0505481156579,1904.5936416785394,0.07217645683721408,-1490.0938726742902,1912.82769024266,6.032115530178915,-1439.2735821665253,2043.3874217187213,5.985857944924739
-1366.5345157160684,1965.3948737471899,0.07219332682333324,-1496.2499408141625,2062.6102589315633,6.035665544249205,-1428.2738996377054,2100.512265868714,5.990077388044511
-1358.9926376534013,2026.1909161601905,0.07161113677055297,-1481.1797778125738,2086.295232767151,6.0363534450273875,-1415.4460225281512,2157.155828971264,5.993002506419999
-1351.4223535667452,2086.98361040358,0.07117070099779355,-1475.0889766489886,2106.6763604084294,6.025543193330438,-1396.6361113750086,2212.2682303706115,5.9922012868900705
-1343.8242505795877,2147.772536389516,0.07069552323163819,-1288.7582140713548,2310.483398264487,5.861422233138373,-1382.524272872433,2268.611480252157,5.994362244226448
-1336.1981550906603,2208.5577754338838,0.07022812829641545,-1075.3799894281356,2331.1630072016214,5.857753866765475,-1368.297600859924,2325.1244755122625,5.99618202939595
-1328.543944428669,2269.3399727030114,0.06946751910866844,-1328.2268273238012,2285.889895480436,6.02891774065485,-1352.315224340372,2381.041784213753,5.9974358959025755
-1320.861368800799,2330.1186035463734,0.06901876272071572,-1293.9230572339204,2492.56824894263,5.851945952229448,-1338.3439842264015,2437.7813008840194,5.9994134197540365
-1312.920978637206,2387.000968659795,6.22381041737338,-1295.8482785540036,2481.0946921001146,6.039838346418371,-1328.6442463483174,2495.110544132882,6.003478711492373
-1304.4196692529417,2447.8629692260397,6.221406083234936,-1290.070586680594,2503.9175911014177,6.047724820596583,-1324.5417672437395,2553.08177201948,6.009849547107098
-1295.706316519936,2508.638144025275,6.217563978379141,-1287.4179841857242,2506.2206814194064,6.035363002541913,-1302.3861754673806,2608.830766824519,6.007322376678877
-1286.8705234691977,2572.348304013477,0.04197386714580098,-1102.4638485834384,2704.485585224322,6.000469502012542,-1290.0000734511364,2665.8545678921464,6.0097882129386875
-1278.2181890843265,2629.1792682344153,6.212999899771616,-1305.7658412232606,2707.917824264483,6.043327881717653,-1277.658515734086,2722.9257902021127,6.011795077338464
-1269.1596025846472,2693.0477226588623,0.05031353115606585,-1280.063224526721,2690.2161105631712,6.0368342154932755,-1264.3306284612606,2780.1792983101677,6.012695599040641
-1260.2354650212826,2749.7577552505404,6.206360592313025,-1097.873472360865,2887.705091926956,6.030624528259568,-1248.3617849897385,2836.7317015109647,6.013237349539078
-1251.0578341470527,2814.322383869424,0.03783942224261949,-882.2982243022021,2904.278866904135,5.877784182200736,-1240.1537621415223,2894.8062334968736,6.016441574533529
-1241.979009864152,2874.287411614514,0.03911721763345266,-716.3550434728195,2915.388542681188,5.822759095902697,-1223.6986665391298,2951.6394499106536,6.016916821640442
-1232.7489901325093,2934.264632362097,0.03653845111393217,-1287.6710334020343,2910.987710522136,6.051204089162539,-1203.0378028718153,3007.205559956944,6.014974791481864
-1223.388661430396,2991.2937063237464,6.202130845057445,-720.0363687857782,3077.0012151764313,5.844769349022225,-1197.790691939344,3067.201028510887,6.01882916991924
-1213.5635043349007,3054.79551818987,0.03287673140002134,-1295.1800126529379,3101.827609857691,6.060389943104034,-1183.0840682493179,3123.7931066005594,6.019894068480353
-1204.5901847433406,3115.026212912557,0.03695303452831933,-1113.2375827986443,3078.2814610676855,6.045360734308016,-1170.7664260180431,3181.3701150010484,6.020737185362249
-1185.792723303477,3126.0073668527543,4.745978855669816,-879.5652251749269,3119.705859864663,4.305255158555116,-1126.3656278126252,3183.0096305883917,4.34149496936054
-1124.4937278056955,3121.2969476068256,4.669000525854957,-864.0684486165296,3112.184140147984,4.30067742468562,-1073.2583381860836,3160.1475706203482,4.343952077823012
-1060.2427434015042,3114.420762047204,4.778539025843301,-737.0391648828956,3109.6076402507047,4.273041390697704,-1015.5221256827674,3140.279817675497,4.3399851264871065
-1002.9114824355345,3108.7308607735945,4.685839256063893,-708.1952077393179,3116.5128793517256,4.283290038831061,-956.5878611777539,3119.30259475384,4.336579774540773
-940.72215150096,3104.8321870117015,4.808476884557023,-688.7673636034665,3105.767559898293,4.290020170039618,-909.940111915626,3095.7177437709124,4.342583629576695
-883.5451969792484,3098.26208942386,4.67882615226873,-641.1937059694087,3100.5914868207965,4.282191715913297,-856.138720447158,3073.16962612961,4.344256904416277
-819.4311450346688,3091.3529959205375,4.788478849355692,-530.5091708186054,3071.9079171946055,4.30072652461464,-800.1320303781367,3052.2400072501205,4.342686430174072
-762.1939105439426,3085.8925403877133,4.677203604014049,-493.11898342109043,3063.916954026071,4.2764912416282375,-744.774559339452,3029.7342298852172,4.344152964110703
-701.6487138711352,3079.8882321402343,4.668695510108906,-484.9250621972875,2907.6159378995208,4.286646310577311,-689.8277838820127,3008.4069402662544,4.343216427640204
-639.4331896675969,3072.477644800078,4.667365507981279,-316.1127245828739,2923.700253627583,4.258787792443746,-634.9126797917634,2986.8080348329286,4.3432527468278845
-579.0602314994501,3064.4647540041406,4.659794604243,-323.34656332168004,2892.851735183318,4.2797908949318435,-582.0707070920944,2965.627379634425,4.343737650349792
-515.1522011974483,3056.6751451008195,4.782123716236737,-282.107626841261,2891.006782398203,4.283610617383251,-526.8475027862423,2943.4273708517067,4.34399911429404
-453.93895167899353,3049.1892210208243,4.743386889274608,-731.9517641921623,3123.4697340052926,4.464398341373323,-471.90973085644646,2921.451109304673,4.34368178717284
-393.00111845128896,3041.6825632760165,4.771946379375133,-307.04117413477076,2890.4944797087737,4.291816854978777,-412.9598018868237,2897.7812670234707,4.3431897962814805
-331.76541443589923,3034.1398986895465,4.74260537734279,-118.1049017994532,2878.1821771956884,4.28973796870094,-362.635604711254,2878.0056595149927,4.342915126042918
-270.7663002938691,3026.575700146997,4.772520713536014,-89.07716626224467,2878.637675804543,4.2999717973831775,-306.3098454940741,2855.0428665052805,4.343270029902371
-214.14067373020188,3020.074133181759,4.665643902034145,-519.8880565743633,3109.410602430322,4.453219362178803,-252.9582619009002,2834.319416565316,4.343851847466474
-149.9742803793114,3011.9413656067063,4.75932857855582,91.00868627757572,2719.6276393483677,4.2773618614197995,-198.19464637777946,2812.732379535385,4.342984042619751
-90.6562753047389,3003.943384477724,4.7156582980557005,98.4863855842407,2700.2567683944603,4.296444978350384,-140.62036760211186,2789.7419572650224,4.341839016065874
-29.54606048525863,2995.521889484353,4.693792398938299,122.23013923456324,2689.278772262944,4.285014019020502,-85.64030028564139,2768.111269246583,4.342101906135066
28.4272935198787,2987.932766470476,4.650882566492863,264.66615096258107,2696.9764518145175,4.299974153776689,-27.01567882802783,2744.0735274767903,4.340857457404605
88.7894562818292,2980.2586947486325,4.639961260361667,273.2733893587381,2691.435390923267,4.297018721224357,24.938564242862412,2723.4890926257895,4.3415133922681095
153.29513452204463,2970.9064031119055,4.695346650793688,296.7121241825138,2710.451040989506,4.300687112663123,82.65391671383804,2699.4796205948596,4.340456211384455
214.1572843263283,2961.5023943043598,4.748148642803484,329.6430385650422,2681.530585213086,4.294565007662165,138.07394053673215,2677.2753969160267,4.339877429245557
273.6803432085084,2952.3273909066247,4.659516467900977,282.5593061595468,2703.9411451107935,4.424613527578553,192.6166606237589,2655.461333746144,4.338690798165317
331.74141404398716,2942.72755102704,4.612313030823786,493.01490195601497,2511.723397028434,4.292295653625861,249.99334636679214,2630.7745096349718,4.337128489930277
346.1344862659974,2919.5045382281623,3.1136085575790604,475.1942099274862,2681.998753436259,2.728328216847156,252.2623458876874,2637.8462471978655,2.6948529535624215
342.1859136452435,2857.7054517875877,3.2330987661144364,-90.13366322481292,2901.603503386791,2.8973551120940186,225.82437240024865,2585.540729838016,2.696025326470237
335.98374070413155,2800.395144951803,3.11489434554241,514.8361260562152,2699.291137961781,2.8773859276916727,205.33151058920612,2526.322658854975,2.6936584675445934
329.6913174861389,2736.2120048397846,3.2378247087478114,282.76158899313526,2527.13789440463,2.6995145518111148,177.46668257921465,2476.8075422786324,2.696198295551364
323.7487629842727,2676.313870022999,3.142753566062119,-94.26635697784124,2727.995965426781,2.8878645468588857,156.10673053700066,2418.903688021878,2.6941588231439995
317.66124262729903,2617.8313528090994,3.115174954766152,-84.18797064190348,2700.0506842748377,2.873563674359705,131.17970250699727,2367.1400606747975,2.69563202960273
311.00795993906877,2554.2653130268304,3.2270711720544956,75.53888424655653,2092.013098359295,2.514345893053522,109.50022131249625,2309.0558399356014,2.692888246770938
305.4437144275181,2496.340326142408,3.130506963407977,290.3185183564431,2312.4398359415345,2.7078495975748225,86.41589984649272,2254.6437241901567,2.6928215866616427
298.77686645594576,2431.4159433701084,3.204018020887701,-98.61833511620574,2516.957894885428,2.872134669115985,61.21061615348481,2205.551854202932,2.69660858544275
291.99861378384577,2371.2842960565486,3.1713815763075304,-98.50974466474209,2476.121414819205,2.8813576425211433,38.383474962397486,2150.697592880544,2.6961005675901433
285.3683889258394,2309.7528901749943,3.241199609009085,-123.16361762158064,1889.2190135748583,2.5110706814115895,15.855966129739954,2095.982755285522,2.6958251213699076
279.3378625953905,2252.5003029607924,3.1018372626209514,-116.87856369338537,1878.7623254997536,2.515469751143203,-7.817059895019611,2038.8444513409677,2.6928104959751273
271.8282471647631,2191.3026649166554,3.088722857850291,-134.22492719153763,2298.4354523515904,2.8864690759449574,-31.16053701756573,1983.8269178820574,2.692331649066643
264.53754364384866,2129.747369111077,3.108279804819564,274.9782394932715,2073.5339384107747,2.7107857214331657,-55.87602422430018,1924.4457136311803,2.6870050184641516
252.1410265538551,2065.4925319285853,3.228329901213642,-276.097763246464,1684.938338359431,2.4978372732652683,-78.45267592941991,1871.8867818751305,2.687916184288167
246.11785034874896,2008.0567243239527,3.099511264255563,-291.20164660056844,2091.0754328711346,2.8696567324908493,-101.87870161052524,1817.2204234088422,2.687267118646128
238.46051680418762,1946.8771389043047,3.086268908645066,-314.9628365949606,1713.8470512260137,2.5223674726809953,-126.19140097101536,1762.40640959941,2.6863520683902538
231.03653743369614,1885.4555298139862,3.1042806484547767,89.55453224990751,1652.4523399212585,2.8717209427699113,-152.1485001315673,1705.7534479333317,2.6834129367731876
222.8794606813495,1824.2662545915327,3.0671485620041885,-297.75720389384213,1921.3670446400422,2.8617725446942313,-171.1895751918223,1654.8463821634496,2.688026590447871
214.32146179814765,1761.0439812897487,3.195715210996015,-95.32798387349013,1520.024454126679,2.536471440965859,-194.44844104068216,1601.1211855295596,2.687719458012332
206.31478941439698,1699.8761290216385,3.2151868629924403,-496.0953129738272,1495.9135963241108,2.512114391273046,-222.66469260356826,1544.5741525109297,2.6841868969875318
198.40466557773172,1641.924614256886,3.0853453466062613,-100.58249265556829,1514.3359643172796,2.709249296216372,-251.2171053972288,1488.949144141161,2.6806478515858996
189.947138442862,1578.520804951653,3.1897697931841886,-505.84697349962687,1314.1283900168464,2.5135926670760953,-273.1286549456754,1435.851375011971,2.6817456424046737
181.64478241995357,1518.4762247993888,3.192998017259219,-686.9975617620737,1299.007433209574,2.700494748196008,-290.978193142299,1383.616461256609,2.685518687991315
173.19989094445944,1457.3735140439035,3.182858802429157,-287.59985962363584,1289.2946723239638,2.716473850633158,-322.785637801132,1327.5757135359372,2.6813759756356355
164.75524840135495,1396.265348444655,3.1803427612395683,-90.4255095665489,1472.1487513545435,2.8524585277256675,-352.53300290500647,1272.6009233347677,2.6778600686006686
156.25928200589428,1335.1397699356653,3.1815776115489065,-302.86929678276465,1103.2552980079067,2.7090067251308754,-365.29703580365594,1222.3116050410672,2.6846748437405976
147.82843153334605,1274.0160292905348,3.1807411333701734,-697.4292399145698,1105.1120387203596,2.5118315267178883,-386.28659707053157,1170.0399667889797,2.6872689680744077
139.40362418973592,1212.8829092305798,3.18092837372832,-315.7144511167948,1090.643530093291,2.708908778756241,-421.3176238011124,1114.3486617708877,2.6823420081624376
130.98438245496772,1151.749432329722,3.1810237648091584,-113.86878941973012,921.2683548761407,2.889856622865719,-446.61755521286614,1060.528214740647,2.6824624449346604
122.5713042756593,1090.6150162298222,3.181137542891258,-340.76923810505025,892.003182762071,2.7032389907223173,-477.3299707891433,1006.2330276389957,2.6793682823386105
114.16428035443093,1029.4797773061125,3.1812478553967205,-287.27207717467115,1116.208732412278,2.8687057180925257,-503.06333361787983,952.4849875037098,2.679743941567755
105.763342736809,968.343691160105,3.181359022819927,-897.0021054444388,883.5573014369213,2.524622199833897,-526.1233355610766,899.9876931362023,2.681290830103237
97.36849623927324,907.2067623933493,3.181470204260637,-491.88581828849703,713.49098986176,2.714834714126887,-550.3599076191513,846.9514998450159,2.6811296618895923
88.97975177228467,846.0689885838221,3.1815815877580222,-501.0431084405096,689.5689009514514,2.7144108690160147,-570.4979134700197,794.3608050714893,2.684165073434052
80.59711794577915,784.9303698133109,3.1816931851403476,-521.5063163931297,675.907569262251,2.718230977724315,-596.8130424412075,741.3647558118546,2.683781950131052
72.22060487735159,723.7909052480736,3.1818048880167895,-698.3900950820118,694.0784977119351,2.5561797582756354,-627.994811111952,687.3896012997993,2.6810350421778066
63.85022071789566,662.6505939289808,3.181916818721782,-674.9646657103904,749.0743366137123,2.7111954139301386,-662.957807964367,633.5500155179388,2.6764797002158915
55.48597444403033,601.509435115241,3.182028821415037,-1099.4166050515112,698.9422098930212,2.525482154354423,-686.6218587380718,580.9050946017896,2.677638236783261
47.12787646530302,540.3674283559795,3.182141068373692,-1088.2303768731363,516.8268687646123,2.520130275146657,-713.6424030094131,527.4806652986563,2.6772545864948687
38.77593660018334,479.2245734159436,3.1822535007788915,-715.3452238843806,495.7050024454187,2.545354865238607,-738.5598783782161,474.41665931677653,2.678541615568938
30.430164189375176,418.08086947107205,3.182365997185115,-687.2147678300372,289.35206947823355,2.734083780412096,-757.4293926434889,420.9732720871889,2.6817895567846324
22.090567543398954,356.93631486829156,3.1824787763371027,-693.4715230047366,293.96601770026683,2.724345047654282,-770.9389762623491,367.57627203847187,2.687725116856005
13.757156805842145,295.79090966025956,3.1825916107409755,-470.06739923602055,451.64504241171556,2.8792535430435966,-799.0906318290531,313.08801780857357,2.6867375876191995
5.429941112307529,234.64465305079898,3.182704689607296,-306.0919292943633,86.10291028417983,2.898289442526158,-814.7399044408885,258.88835725840636,2.691184053539199
-2.8910700862829164,173.49754439093243,3.182817953201936,-489.4134386034889,313.4797239915259,2.875902388771137,-814.4683755946526,202.6568274353458,2.7026025705344088
-11.205867507408113,112.34958304146367,3.182931306691626,-505.476011886048,270.6560460683196,2.87001768521409,-848.9907820110425,149.04642659751335,2.6985811441993897
-19.51444173604375,51.20076822751714,3.1830449183959617,-495.6836168087701,-110.32150524563878,2.884300133857262,-914.0729612309838,98.87341234429914,2.6816835291209946
-27.81678281866434,-9.948900571254804,3.1831586258916404,-1501.0701957887582,92.13248189365451,2.502891994920141,-1021.2403282834662,56.774652819639414,2.648707553592738
-36.11288151154295,-71.09942414649451,3.1832725432678135,-882.4196459486116,-113.72377336981636,2.696506109571075,-941.190762972406,-9.308995994094403,2.69287056231004
-44.402728443595734,-132.25080326273553,3.183386610140823,-519.5898539682074,77.28627563769017,2.8922858491266212,-955.7694018667642,-67.2647759688316,2.697159033008441
-67.94648704173797,-143.37381865360635,1.5466786983470708,-883.6120611477907,-135.07188820748695,1.1280275081406064,-959.7458079033968,-62.37489874102175,1.048938704723699
-130.03592214053376,-140.13355659832663,1.6497599774720482,-1497.5091831650677,-112.13421363223603,0.9909942074382132,-1104.21083864965,-20.865582569591425,1.012726069773671
-188.76409755391774,-135.0007235862781,1.5617986662119865,-709.3154584941938,71.32718470071404,1.141149577032423,-1058.2331635399999,-5.232673808713116,1.0483605502933668
-253.32658015956932,-129.63872319876225,1.685543919820181,-733.6146563634768,88.29577781417098,1.147695287515596,-1090.1228870018858,21.916563173947907,1.0554120299528984
-311.1732605648007,-124.33414585259025,1.555700437730117,-871.7487609277293,108.47753242149787,1.309724858690358,-1187.2029525976525,58.94155525826136,1.035353830682996
-373.86127006036156,-119.22699274486891,1.5914193631098117,-854.7257276809665,122.1447477925644,1.1366198947497352,-1240.8455468737989,89.52196692791222,1.0327668164442403
-432.8655491067583,-114.10767235680561,1.5532862559804848,-874.3823837172517,-100.10553852616141,1.170186360149842,-1290.7179835680754,119.24777715975779,1.0327009324833276
-494.8768814142399,-107.96234533579103,1.569605461915824,-906.8287351327847,-82.17805366031823,1.1554081104495308,-1343.6406767133492,150.02041443445705,1.0302248039840438
-555.8194415372187,-102.388644306891,1.557629701046232,-1297.2517435067077,81.3105152318536,1.1204884687158303,-1404.3031420428438,183.9557032080629,1.0249058653695782
-620.0121827075707,-96.9495545717558,1.6461614762130359,-1898.9474033876,120.39741258476339,0.9913092511895805,-1473.0880429351835,221.5679153315441,1.0157428870448904
-678.1458409070174,-91.53323314021891,1.5571435866318506,-1117.2951407807116,255.83970052084584,1.1444684203254343,-1463.9049930603708,232.24200498143637,1.0421402144467067
-742.0215663375958,-86.88015696877676,1.7016467894536786,-1710.7441911226144,344.559010983133,1.11428132191206,-1561.8949404408686,280.10611894853446,1.0198587160634798
-801.1399896724794,-82.01212814631866,1.5958256892102671,-1240.3772324063152,298.6735209687291,1.1425740224421097,-1598.4160545708442,305.00577521967443,1.0247166429001657
-863.5258276101679,-77.30932708770551,1.6796201881086996,-1291.616624656264,309.55062525222866,1.153372171855745,-1659.3576216520592,340.7974067621162,1.0181404299208563
-922.1620485108924,-71.78571537213828,1.5623420375601818,-1685.2242302436423,498.41006167199725,1.1457698814743855,-1698.989153051399,366.86634604771734,1.0229361862986883
-985.4784575084955,-67.17126970438957,1.7032397440282736,-1715.0153074662019,493.2330635144323,1.1530677001922205,-1747.846251871895,396.4877167556833,1.0231045969319712
-1044.6097040907932,-62.31876622903719,1.5966034920903165,-1496.3744240654405,121.46368908365271,1.1673370975384685,-1809.5619569184896,435.29043314698447,1.0148211411694612
-1106.9697416439321,-57.633512791601454,1.6785568271599685,-1503.7150520355788,331.87691919763495,1.1683982965851882,-1850.4910551769144,460.8460332891864,1.0198812247518938
-1165.1493749007236,-52.171389203057096,1.5574613668349535,-1552.9234356343397,481.7389872564722,1.125762631187642,-1909.057206966147,499.03440324420717,1.0133363542956086
-1228.8734903540058,-47.54945235921016,1.7029966304338964,-2267.102324545897,475.6110533291219,1.1206919850949075,-1954.8648893349523,527.6625523929724,1.0153841522673503
-1288.0155730700292,-42.714154336911356,1.5971684939244324,-1688.8137991543658,472.0321807522571,1.1569202933034133,-1997.3104781351585,553.5470845852878,1.0191053638727208
-1350.3665437260395,-38.04631225040162,1.6784360007146035,-2081.18878146701,678.9527580145019,1.1393390154938303,-2042.2486393080178,580.5371242802521,1.0224675966044368
-1408.489679223448,-32.60771558446686,1.5571942428853198,-2098.291687368502,699.5490179625035,1.1560024931715476,-2096.2258679169254,615.4475209783322,1.0191223150608215
-1472.2570646928143,-28.00227047655047,1.702939322810944,-1901.382818973621,917.7795381974565,0.9382466111547634,-2145.223303918663,645.5488956784075,1.018943841372813
-1531.4121973173449,-23.183338980316872,1.5977880940141662,-2262.9587011965255,706.9694674796934,1.126433912726538,-2183.150549280487,663.8160852890869,1.027094842796668
-1593.7487436070267,-18.53297485725196,1.6779937273158643,-1886.8265600971768,529.7949656544351,1.1504203119574739,-2246.201410055075,709.5880845792781,1.0165262278462124
-1606.862810107967,-0.16121829345237468,6.282298711791102,-1892.234840449845,534.0232371598969,5.871120343318888,-2238.827053395426,700.8713593756247,5.65745776047447
-1605.8661216591445,61.96247999435811,0.15522168584905938,-1931.3663947491011,480.84941657118935,5.839329364267824,-2213.4216468979544,759.6224192090312,5.650537047819543
-1603.639904791145,119.44244229012146,0.02045630173407975,-1910.6503896793924,492.2367910867595,5.848138350561416,-2170.772014871318,799.7106157109965,5.655643382190714
-1600.44803747413,185.1714108760771,0.13468411040471384,-1897.9042920646955,492.0399641011046,5.855072837854742,-2136.0313637137792,848.5195419741967,5.655563432302305
-1595.2600595916476,243.10501609647943,0.010661234182071766,-1879.8370275484635,505.69737578701,5.862056752096219,-2100.0994600234785,897.3738611167055,5.6544150303160645
-1591.2485237399464,306.50805432115203,0.11544279423121129,-2088.5758761373195,699.5427289977329,5.831775463821265,-2078.296737739405,959.1088914125667,5.645710173504132
-1587.904651048453,365.2340650574906,0.030140758618482977,-2470.7114355887875,1080.5053097481543,5.683835060936724,-2037.1927083322316,1001.4276722468849,5.649871289378186
-1583.603371776046,425.16354653575445,0.014873108541271662,-1727.157363840323,915.5041102853927,5.836479634604877,-2003.1476226013465,1049.8603474873225,5.649697053766313
-1579.391415540667,485.72629674267364,0.007606866968030701,-1698.6304819522381,702.5804607924488,5.864255179626721,-1962.5144764160982,1091.862838373897,5.653905279098138
-1574.8185221823583,546.7176181611055,0.004371989224232209,-1710.8167209176665,908.7029873414212,5.8612178558100085,-1932.6926240391545,1144.7101985531554,5.6500479360774785
-1570.2575405255466,607.8417546902925,0.0071202886317358605,-2329.8672997176345,1273.4992080216316,5.695589853025287,-1893.3349698348536,1187.7289917441713,5.654780691930918
-1565.759879601575,668.8860716792885,0.0049685821322107415,-1713.830594749604,908.2910632372275,5.860258592409381,-1861.8490582574443,1239.7989768313719,5.651826692584125
-1561.0600906405002,730.3952661477815,0.00768206049652953,-1672.2329088129254,1089.1079360930023,5.859586979162527,-1826.9448850770652,1287.176794111525,5.6526001966948
-1557.243313362292,791.0581689445813,0.004499364449481291,-2263.2284100088564,1320.4366726744247,5.680951797827702,-1789.912514991362,1331.7905145352324,5.655514881106076
-1552.7098345089285,855.676974201449,0.1122818121639666,-2126.3258384276282,1485.6823381012682,5.690055223106072,-1758.800435917325,1382.5844292775,5.653680103236027
-1546.6209136503714,915.1540580972825,0.13049303930858613,-1504.5815485283815,1083.4097776718415,5.8592334192235285,-1724.800003642921,1430.1563579716449,5.654292886173514
-1543.8137113931427,973.7405021215774,0.04198790525445695,-1712.7092195658813,1296.089513798843,5.853670529193331,-1689.423604724119,1475.678191874652,5.658277735802063
-1539.8538643340664,1037.839754953819,0.15965788620241206,-1538.4092573302541,1284.3815526055296,5.8779956831943645,-1656.2789023667085,1525.1649740729436,5.656564304559924
-1538.0963243301455,1096.0763139841915,0.04813885072719781,-1519.1870432352914,1309.0021250171956,5.872606931602813,-1621.8470439304672,1572.3204138354058,5.65764293404203
-1534.8238433177223,1157.5416618228453,0.020093730800120113,-1304.2051383781595,1285.4321462432279,5.862071403088334,-1588.7112517552364,1619.8250084493493,5.658843431111274
-1531.8512486258237,1218.3190379713872,0.018750941074388905,-1714.7293587516144,1496.798055792339,5.8330099750430175,-1554.8581926155487,1666.9045623847378,5.660440437281207
-1528.631259762848,1284.016894156968,0.13360568999992672,-1483.1621679734662,1487.8639236073877,5.896234168013962,-1523.4217587367004,1715.2319071670754,5.661798317623462
-1523.422771836076,1341.9022625160735,0.009762441230239283,-1478.2891429146132,1870.9646175108626,5.83565548502961,-1491.1297179108522,1763.2703975601216,5.663409030693528
-1518.95606632619,1402.787228236196,0.00578694070307062,-1522.6463464784943,1664.5499840585285,5.846677682963536,-1457.7159760106745,1811.5298990103847,5.663835200443292
-1514.2704780034749,1464.2773720595674,0.008102615903803567,-1485.6598891522008,1701.772106326991,5.850500826685219,-1426.248130531789,1857.5913881797123,5.668402662262931
-1510.470616422101,1524.9445297628808,0.004883911848096112,-1496.1542188013675,1918.3974770476534,5.812423761409131,-1394.315850570975,1906.338993609338,5.670061582765084
-1505.9542543651,1589.565439380444,0.11218003957029676,-1290.9320184583178,1904.1830499782163,5.869476019588674,-1363.7366210936252,1955.167029473203,5.6714525393416375
-1499.8798525328332,1649.045749682017,0.13073005433695783,-1293.2557738266576,1738.7108780585668,5.867274372610323,-1330.783835614171,2004.668542628482,5.670574109108253
-1497.0858497596698,1707.6327212895217,0.04220353140660116,-1285.93452701343,1885.1293120462497,5.890100919294094,-1300.0765573120439,2053.0105289677795,5.672582432257186
-1493.1408429038165,1771.7334045294574,0.1599078870470585,-1307.5337082131377,1933.9537555318916,5.880139593128482,-1272.0739599777332,2101.6704067501832,5.677085178415093
-1491.3973709544525,1829.9558109412246,0.048167359061018544,-1256.3431371573695,1910.0971725276686,5.868577898481143,-1239.6392564141886,2150.7346446688744,5.676143341501183
-1488.1396575847382,1891.4286857115305,0.02030064058162573,-1303.138839775657,2085.943725115754,5.863124590613653,-1211.4694347990546,2199.5057608422494,5.68111809706467
-1485.1856358654159,1952.2025679626709,0.01897323497755199,-1282.6460202044261,2136.20581467016,5.8582900472026145,-1181.7679621939496,2249.401509024011,5.681975986455311
-1481.984576322579,2017.9003418947277,0.1339102423255616,-1315.406809110484,2298.7992707835992,5.833158229052234,-1153.224126936017,2299.435520927176,5.683523085887829
-1476.7932996448974,2075.7847353099523,0.009999765179815157,-1281.9003513667176,2299.704500813249,5.846769301780447,-1125.9185480482822,2349.6933868772167,5.6879304769574395
-1472.3422312023533,2136.6839030146853,0.006129393535369232,-1115.589749337338,2276.173061452436,5.897096670949667,-1089.3717004023943,2398.67373898191,5.681913325070028
-1467.6725515474043,2198.178682495959,0.008439354514822917,-1107.097719911736,2302.733802236143,5.8847838786609294,-1063.235717869664,2448.8223855745255,5.6875647675341945
-1463.8878567508798,2258.846545481721,0.005147044301349268,-1114.2414366458552,2478.9518080164626,5.864288319799515,-1030.494690271399,2497.776204847679,5.686219588418834
-1459.3872621652272,2323.4705196844916,0.11236810785315754,-1093.3267256011698,2484.491955290607,5.873450782702868,-1010.048090979358,2548.9127376172455,5.69466913241654
-1453.3276469322761,2382.9544101346482,0.13097169625316774,-1089.0097298444487,2501.7954355327074,5.869802832134269,-985.1434615656735,2599.6027389898836,5.70055872060639
-1450.5470242252288,2441.5419024902135,0.04242264285356967,-1048.636329595584,2545.8049960003214,5.853080702597088,-943.220371740661,2647.223115481389,5.690737176968649
-1446.6170900889704,2505.6440362845838,0.16016207506765667,-914.5183021715802,2492.1311522140386,5.866401106159082,-919.3400593224055,2698.5391652142134,5.697080906877442
-1444.8879104004768,2563.8521701986497,0.04819896169806892,-1076.7068223122596,2711.377364854121,5.846168986907889,-885.669179352295,2747.9635934882726,5.69407689727169
-1441.6452364893503,2625.332591580948,0.020511525224254257,-943.4469469924121,2686.554807733553,5.880867362611501,-863.4634962103833,2800.1959021735174,5.700265557547429
-1438.7100900360895,2686.102958850383,0.01919951511242779,-1071.1678191289607,2913.106154406831,5.854850933058652,-829.4729787302817,2849.4966260617693,5.697557940165407
-1435.5282589236394,2751.8006524509938,0.13421939624489454,-878.991083971302,2731.032949034715,5.870886854016423,-809.0042371297945,2902.7468449061353,5.705704161901873
-1430.352942093325,2809.71239665648,0.010580609247634598,-874.33504425929,2869.2686425327856,5.8658804602335035,-795.7530494224889,2958.2974169038553,5.7181191691748605
-1426.7109911226141,2870.1146902400983,0.006562124317953888,-880.80191782417,2924.2340088818264,5.860766924161287,-764.1102032513309,3009.0725326665533,5.716525566577928
-1422.6770507353363,2935.7524630026887,0.12129016876256671,-895.4090852999808,3097.662910553091,5.8726053126996804,-730.8989050215264,3058.4589354397203,5.71366242180723
-1414.2085795067142,2992.926082441834,0.027427273219614356,-886.4977082277097,3088.0104164087957,5.871366329761893,-708.2901821167447,3111.7984583392226,5.717812873290167
-1411.3948923418243,3054.0969875608084,0.02452726780536274,-915.5408313528385,3286.537378777334,5.834097172341366,-673.4156631744095,3160.208961589842,5.7145947539401725
-1393.9261898669126,3072.99339526604,4.784131692667849,-548.3137414142928,3075.2239132513364,4.082872532266764,-679.9476421769091,3164.6386323789275,4.060008399786468
-1332.1752578659732,3074.5543469268687,4.909784941705568,-517.9678543075831,3075.6770067359575,4.077946511441124,-624.8697391910473,3124.8520020592696,4.055117309253889
-1274.394100702432,3070.8390673331255,4.731767219119588,-678.3206487026782,3116.805765334442,4.106943989975917,-577.1044558681292,3088.7939678855064,4.054082736225742
-1209.2575676514866,3069.986411820464,4.903313099266136,-680.9855502779453,3120.5930406667544,4.104375745363547,-529.5207068153918,3052.1357051477517,4.052690761955237
-1153.343359772393,3067.53435370877,4.804594990279576,-495.99804309953976,3109.263423461035,4.104879096971412,-479.2570099576915,3013.864532151374,4.050565148205285
-1087.7201392605512,3068.6406732037603,4.893642865371494,-318.7564989185644,2899.6435153999,4.07250838054265,-432.76522781277026,2978.125469591786,4.050666238383422
-1029.0124024973686,3070.2016770985383,4.806265054136752,-266.6224593023673,2886.263396166979,4.084992016817854,-384.50073606620845,2940.6025287898055,4.048469409977292
-966.1843257969504,3071.789088067972,4.805820619936074,-280.34300615559215,2905.7867513889164,4.088973058041299,-331.6316649870355,2900.3214429227583,4.043508933031916
-903.1086608846485,3071.594682240443,4.870277875625952,-147.45092959443335,2738.67381618828,4.0795613251658995,-281.78509924877426,2861.4649493364013,4.040954311067725
-843.6522813555889,3073.409991654776,4.815097021660696,-300.3703462245191,2906.1813767147014,4.1079181159766645,-248.0282850563035,2834.9084646636566,4.049332673234234
-781.9523083538262,3073.2584268632672,4.786365779869859,-279.08065271621774,2912.7174284993457,4.106957495169748,-193.00197134718155,2791.7246554771355,4.042576351989722
-719.5052755400432,3062.7951395496416,4.746544672021585,-53.12893893657663,2709.579081955003,4.077028551251245,-144.07480027348356,2753.944180306441,4.04124495884042
-658.5942315717404,3061.9028950375014,4.8224293762009856,42.8562787821135,2660.947892997458,4.081816121874862,-90.63159507498995,2709.4123239537075,4.034663190325738
-593.6889107578781,3063.972237977998,4.941862058049499,-102.63575530373782,2688.8513588329756,4.115008713957636,-49.09844671140536,2678.0116014944706,4.039013013139838
-532.574299471795,3066.4495709702555,4.934593452243954,-67.84915494003177,2692.586349398607,4.102993090860796,-1.5711844943939468,2640.2905805806486,4.037542063493776
-470.6612516923064,3065.1168519552302,4.944738684074622,-78.94061473697644,2664.1121316351846,4.13561085797884,49.2294729359719,2597.2960177681543,4.0325254784772255
-409.2777908336409,3066.6885157683305,4.900703306090384,101.64537200110263,2536.1118103426306,4.109876964163266,100.996777880237,2552.0491808627867,4.026746748717707
-350.60997481786825,3068.7032675778537,4.814990225611675,275.9941478933368,2468.2294913365445,4.080133924870862,143.1375322955546,2525.006885737216,4.03366064399579
-287.072992339664,3068.5807679204486,4.872272568242406,102.91104483146094,2511.9475487635336,4.1057965771329386,190.8173178481511,2482.895478794133,4.029666555338499
-225.75996860809633,3071.8879339869422,4.830064854413043,276.4715437102642,2494.0066793366664,4.099546534302114,234.71927476629662,2457.064968674237,4.037589246326744
-162.14818720059023,3070.7969313490207,4.933540937630806,283.60808372911,2468.200880864453,4.102728543197148,283.34001949706953,2413.5205645762353,4.033186384671652
-103.31054081272329,3074.5535064457927,4.839388726367771,475.41538246011373,2291.831885497184,4.073624509386527,332.8868117398479,2373.252368891249,4.031496254786739
-42.068678012761026,3077.898303952502,4.825784968209727,496.28127197860283,2288.5560589754,4.076304921881701,380.6775230854191,2335.2506327168276,4.03052645428362
20.7429075334054,3081.050133637857,4.830138145017478,508.2732701301121,2304.465610456176,4.092058247671804,428.6988066361728,2303.843227895859,4.0347928339530466
81.83606237218889,3083.1083767937785,4.806525333075298,493.06989786728525,2305.3672941123255,4.094939730172965,474.37902886744723,2262.1792805290297,4.0315832721751805
143.1556107867886,3085.115942426258,4.799391791965436,679.6864136925271,2125.7346868846917,4.086114246754832,523.2384620032467,2221.2501179087003,4.029181501273087
161.04421897748168,3064.2149309385804,3.346278739703872,502.7456235172563,2480.4276076948513,2.402767497257175,530.0664732878076,2194.3146609900377,2.364709797455995
166.81489057263434,3003.326068391972,3.3985306183478166,1076.02563946559,2331.381707338176,2.5244402751326143,490.04113932131077,2149.3878126855006,2.3636273951439244
166.1485314232439,2946.9224600838793,3.2827169398137146,442.74089747386455,1896.8405421389016,2.369935424005913,448.8616800700647,2106.9084029938786,2.3635574528247254
170.87104001655328,2885.530418708114,3.2741919872367826,698.2439273389838,1707.8374642015674,2.194176600668713,413.26932360700675,2065.1281638071814,2.3635079639222476
174.40600718765003,2823.350750313032,3.2706558524895675,498.89510845279204,2094.173740013778,2.1636129315053076,368.78767393527187,2018.5795851119728,2.3613715189732223
177.9474011558704,2761.742434074114,3.263758178280307,301.14495398420667,2261.337939220849,2.4021006012364925,326.8782643583895,1976.6379697031289,2.3622988461493746
181.34336169048032,2698.8122858875786,3.261022163284789,460.2332293266202,1886.5548698386172,2.5184388529730604,285.52838037736683,1933.9248766690216,2.362313509980659
183.67024393776816,2634.2876876620167,3.3851217231359945,498.45916633159584,1686.0351941606702,2.185695991757645,244.75415395553364,1890.9281318026742,2.3622980359632955
186.07466360379232,2572.952117315362,3.3399365393022,-118.91357637080657,2069.3325662506113,2.706466062667044,204.43915365957673,1848.4386182703356,2.3621506496099207
188.16039718621707,2514.123128421001,3.2499268474328655,142.06774573448826,2085.465369671899,2.4034993539995364,163.9187119349117,1805.1794496850707,2.3613361110278426
189.9165618936631,2449.0081456092307,3.3672340821932725,302.6126547296947,1708.6012169150833,2.524752562271686,126.89747147945354,1766.8686251508207,2.3641627030912438
191.466887248191,2388.4954332779107,3.375373379989602,125.78840146529569,1877.3813237876193,2.1711828292223365,83.47644975872117,1717.996177629665,2.359377300518522
193.03193392746755,2329.830329924162,3.2562694379799653,291.2174544813226,1491.7582141127564,2.1764737832177294,42.24779671088936,1674.697701612431,2.3582168030986437
193.367360542943,2267.511483892904,3.2314227113725495,660.4258559718985,1748.7348162762307,2.523916507229155,2.2937747658411354,1630.404827257732,2.3568253602343883
194.16854511530374,2203.4267942776432,3.3663135739810683,-57.37647862194274,1865.5546653636184,2.405853805966725,-36.89446386791633,1587.3564524004441,2.356104673970602
195.29836075258143,2147.1240161056653,3.213161484026953,114.27392156328506,1502.8240304812812,2.531441711078133,-74.43817432246442,1546.0446175770003,2.357137316641201
196.14038021053707,2084.078619950331,3.266051441692322,105.93459188676638,1317.61434967257,2.520806854590695,-121.55410580417765,1496.6948547465809,2.3506343382624153
196.63793918943406,2023.5728213588802,3.2196626998884446,-105.40808181653954,1467.0212490547,2.183491760451392,-162.5049416792558,1453.1920770023871,2.3494051766004733
196.24626784673163,1961.7723288219008,3.195828491467995,476.2970407764485,1511.4722945014255,2.530677281527758,-198.39208449691932,1414.0731654155925,2.353225879877547
195.40245792543055,1900.3940944128124,3.1863507398341078,-303.10237483912283,1502.3968948257389,2.1977583749245126,-240.61133903206928,1370.4914586891837,2.3518599213207785
194.08478726112764,1839.4962928941832,3.1782331189431448,-115.33667801996376,1087.378798798002,2.2002392930455588,-284.9065172248329,1325.0164515060815,2.3484736227835588
192.16744292836998,1774.26714906868,3.2844177369409095,-123.37019259669333,931.0830722894002,2.022381781367333,-326.1190619425288,1281.2404300113203,2.346301836895217
187.4178953838984,1715.9805249143012,3.1759649729782318,-116.4239641435689,1118.408933049629,2.525019292524624,-365.97776500973487,1239.4304890071926,2.3466874996729947
184.03830575206135,1654.3762561572644,3.161287370590643,-278.80387796443586,1134.8113210004535,2.553369354378047,-408.82374879212693,1196.8919498807381,2.345567595736689
180.2344731485351,1588.9967136000403,3.2738014029864893,-701.8990763965566,1284.5948782293565,2.5328325925223685,-453.9353772757936,1152.6600963370565,2.342605269155839
177.1807600130961,1527.8565638926368,3.2643023697334232,-560.2192202719075,1282.155140142026,2.206993466265997,-498.34045783899955,1110.4959657213867,2.3400652577444823
171.66612925529643,1471.6459530944765,3.1781993587066477,-280.31738783283225,924.3307179403,2.542907864625879,-539.0137466388846,1067.3032908990608,2.339901505707041
169.9764169916222,1410.0937922574483,3.19787506768306,-295.8792689308614,907.753433860475,2.53659050421163,-579.5863671248962,1025.7468037965255,2.3412172650753638
167.93055861446337,1345.9296912532457,3.2970676479504415,-504.014821461697,743.9225106576943,2.0203523805084527,-626.011109239048,983.718666279874,2.337335708146968
162.88134999834313,1288.2690284151952,3.137765718803628,-1087.6180757063175,702.1996557349543,2.1808712139813133,-670.2552487316548,942.0173144840219,2.3366391692327375
159.89660022373477,1223.841037483597,3.233243795035233,-736.9466574486337,1331.1143978071973,2.1682855824365737,-713.4937938234639,900.1328128369396,2.3352401313861617
156.21284748299342,1162.9305629419268,3.318031412053828,-673.2254503061822,682.2314733149307,2.033867570851966,-754.874062920218,857.0237621412016,2.3358021182939686
155.01206689722773,1105.3050757648743,3.192230618768507,-751.956344934491,1036.7382992862094,2.378486382251689,-799.694843646852,816.0739792563409,2.333662358507249
152.74115344892806,1042.190469766665,3.1964169513469853,-732.0532095269677,671.7831907420039,2.3579617185426303,-841.3850163202414,773.4128320932869,2.3347641861444473
149.84300184300255,977.2680657535395,3.281700792682832,-1108.1142868574334,716.9844272850521,2.520169737379044,-887.2766227110424,733.5864565133297,2.3324169978756486
147.35380981718168,916.1319987034072,3.2832686305608325,-1101.2567960342603,696.7896084855136,2.5129304620230317,-931.133331863326,692.5009041973617,2.331694411296585
144.28689761087938,856.6374596657306,3.1771530429089174,-920.3279440668418,862.5801337102425,2.375657194797491,-974.4081312533583,650.7911400719813,2.330880883041536
138.84995427850635,795.7866989014424,3.240255321730417,-886.5980223248605,489.8194738801757,2.351020827323543,-1009.8013898891229,605.6617228629793,2.3353149686177113
135.82218158074093,736.6061936315427,3.177983460160583,-930.4836976699064,472.5115077017375,2.341846782019753,-1058.614884457901,566.9064998594095,2.331467010005309
125.26108047001222,673.317836401519,3.1113396911792512,-708.9296673249512,324.5986059628948,2.5317508905828428,-1097.1575247341802,523.5038550142144,2.3343383576373786
120.28786020844055,612.3432619069398,3.166320462602349,-1086.0586481258676,689.8743165565982,2.377015524361959,-1145.201512756112,484.79000626362176,2.3324688043769783
113.80319658570029,550.2731948711089,3.27658705109618,-1126.3333544492245,646.6218651163917,2.3798650223904465,-1187.7676097591013,443.97946748361574,2.3329465200908106
110.98300075115628,492.070338808099,3.178470635986791,-1097.7245563655888,278.5175657981155,2.3460696387356315,-1221.8479855927176,397.08859221950115,2.3384969415188843
107.97539969023804,427.7290044448607,3.278214276051871,-1104.4659506643168,275.8722735314183,2.323468648161429,-1272.995556467807,360.5273112856885,2.333047316270402
104.57661287228349,368.4797888612713,3.1673291562172565,-1373.0154759844188,313.59148011658976,2.05420553606743,-1314.7324577430084,318.44064224136764,2.333671849950669
99.19618598075616,310.2377334687,3.153492653830803,-1294.9498592936234,474.90397029091366,2.3787722771602953,-1356.3798464205192,277.02403846039033,2.3346510240920773
95.19280227522229,244.5013047398739,3.2582261228196407,-1271.7920245494624,95.90313570016303,2.3413517916443967,-1394.257844380949,231.8066901889688,2.3379717647500424
91.27355632624996,187.57905634137566,3.1421487610584196,-1304.380334556365,86.07676624013429,2.3233397269722738,-1436.3957887185454,188.5375628340389,2.338842511743906
86.55765427323074,123.09033339414965,3.2569161250820766,-1064.3388771040347,-79.34296878841877,2.528162150650834,-1480.920673327559,148.24000881157463,2.3375271934732833
82.21024715430269,61.95792783858192,3.2578100496562095,-1461.7155388229567,297.97025577268687,2.382754371266985,-1524.130174925584,106.55918038915115,2.3371971162866436
77.2819087696415,0.7290373599501514,3.20943890301492,-1733.8635769585649,308.2054140578348,2.332463043949576,-1572.3885270817902,69.64471480961765,2.333406447620573
56.72843204391731,-11.959662676463967,1.5867985134744371,-1714.2934283645584,127.19246851876711,0.4327538358624809,-1557.8616221268605,71.19096614031878,0.6815011524993158
-4.4413793255874445,-11.365121137344213,1.7376061149550757,-1308.8020372112683,81.6310373504743,0.5994166812778408,-1603.3117447799414,121.69587708858944,0.6785196933821219
-65.88036842280302,-9.106682143291055,1.6952642474438253,-1506.5398878369244,126.64065133453954,0.6063997623894822,-1628.5369355586506,163.2204254817434,0.6798490904251179
-128.13762594394245,-6.5461324024437415,1.6916333042040317,-1722.4800534354156,528.4100216535677,0.6140292926924995,-1672.16837035724,213.52401559222926,0.6775741939040411
-190.37657557677784,-3.944835851226347,1.6914598082381618,-1846.202232467242,316.8767793875008,0.4304785600901438,-1704.2292329111287,257.5167534494967,0.6761750628393983
-252.61529592350905,-1.3358610337197179,1.6913125301489242,-1480.6029916323282,293.1111659197262,0.8021007201376651,-1741.6642845937818,304.9365718247409,0.6760568117528534
-314.8535144825414,1.2815473638771453,1.6911655949415763,-1501.2398108281022,339.34932288843777,0.5975622858195686,-1770.730115734094,346.97143817370943,0.6764272997966563
-377.0912164260994,3.9073935650710174,1.6910187165059138,-1907.196439207978,530.9213705495805,0.44579323438605095,-1803.4840026474183,393.5591844059554,0.6732903232890548
-439.32840905484267,6.541666032690251,1.6908720076677115,-1916.7773903927684,899.1798436899788,0.6167322027441912,-1844.4644546819575,442.19618525869373,0.673793922379234
-497.55307646226174,8.330663416327596,1.6014052730792008,-1900.1702848401255,690.7979399571157,0.6183037777215645,-1874.3496745033517,485.4088959076671,0.6736368527931422
-562.6339195733437,10.736876962327974,1.704288832272805,-1948.4412577205667,698.5354194202079,0.4339870435166294,-1906.2837283451352,531.3662944399839,0.6718102404470688
-623.8510245403342,13.163239107394357,1.7172804139522024,-1945.7561525025144,705.7369788019885,0.6458274706648767,-1945.8261281253885,577.0594399203337,0.6740537224569033
-679.3926942436468,18.145326575361548,1.6193892913469736,-1934.1392374282345,1112.3227485307325,0.2624730523327393,-1975.2341990506252,619.5711844286525,0.6745486253539535
-742.4091950978147,19.04562283379744,1.641086241568968,-2066.9527245855734,904.6715196723246,0.5933444801887824,-2008.251356341593,663.2084997892962,0.6756756124810765
-806.9469161578471,20.84213291181738,1.7177050184651987,-2085.645208552585,914.3878162601469,0.44845733244500413,-2039.6218145168184,709.953020575239,0.673168133891775
-862.5297154048533,25.116976279729027,1.632215323734112,-2096.147699179595,946.0005463172263,0.4319913748124978,-2076.3316782917695,753.7595977457049,0.6750479504111055
-924.8629244706841,25.276891820362543,1.6442675805562699,-2684.9826958582153,1085.9591152629705,0.4278170281998323,-2113.6603790644353,799.6147304629785,0.6763787225673136
-989.2816856109033,27.259662336677867,1.6702655362132823,-2113.056210244571,1088.5609085453257,0.6267440514782953,-2141.690766826081,846.8057153245654,0.6726154508462673
-1049.0841273948786,29.3208953154478,1.6074912109001263,-2143.0544910428184,1135.7511138574318,0.43143476339363174,-2175.4055265344095,893.1185323082345,0.6717415141777829
-1113.7950178063802,31.360903572436836,1.724367484755879,-2286.9519165933134,1496.076610041147,0.6279072368236657,-2210.6460896447466,940.6784486980268,0.6704945027865608
-1175.4532547548417,33.50039524048689,1.7169973047232503,-2322.71224768328,1546.553271237412,0.6268430229874539,-2244.4672916378213,986.2361255424912,0.6708746059816257
-1236.1225125448063,36.17952665073234,1.6505486897615524,-2328.4692718154843,1284.0566093578793,0.607633783566348,-2278.794349194687,1030.3953467335577,0.671871500057897
-1298.1898222348905,38.63008733051426,1.7124567092663612,-2076.7332404215854,1140.372659428413,0.59171692178657,-2315.5301474923936,1067.9188897208687,0.6779380596205606
-1353.7819884718756,43.80468576133759,1.6173154390553108,-2860.5220947798593,1466.2294686919122,0.426969590792818,-2354.434736258667,1110.7992357088851,0.6807194328643117
-1416.8504949271362,44.831996338382794,1.6400583699751978,-2476.0680903984667,1741.21118896171,0.6169551782653125,-2388.821175509721,1163.4856492038398,0.6766424234087064
-1478.89523034537,46.402461875754,1.624258165328838,-2315.391459606143,1514.563971249776,0.42707413565418856,-2421.247343449497,1216.2509882069826,0.6723631263049197
-1494.409984743541,67.22201967999821,0.0934490659388576,-2094.5377013295647,1297.3423186188188,4.952757823966643,-2421.335651045679,1232.3101230358443,5.270572055352994
-1495.8991718395748,126.841346712988,0.09416347924319624,-2034.8395801506927,1311.936571502734,4.953159192822516,-2369.338178496088,1261.2431798631114,5.272234412640189
-1496.1466580116632,191.60675233675397,0.19107083764468058,-1925.564152123765,725.1304914347666,5.482017563296083,-2307.1487572562933,1282.5698092510029,5.2730392692843315
-1496.0774064000295,249.30323044609,0.0689460321969051,-1917.878581849827,1341.163769117979,4.95462908478034,-2265.4439942834315,1318.7040790685132,5.27520971371824
-1495.671527029294,309.7041417883087,0.05244568978140052,-2112.690234413383,1487.5611578756327,5.024736700864962,-2214.6366524277673,1350.4002079208822,5.274903179935299
-1495.3693011334512,371.24299892799945,0.04979805524339298,-2088.4303795966453,1658.7943602745322,5.114267671954805,-2162.4989013532836,1380.4762837253957,5.275255889977411
-1494.379253371349,434.9286751086168,0.06756393074732436,-1907.9639533125444,1496.4613592916232,5.007360815691004,-2105.8758657086146,1418.1315141162686,5.267301217206377
-1493.6531397122005,497.1496908064793,0.059822404077978675,-2297.1657363659556,2105.270966731072,4.969336549447088,-2060.7009370824685,1440.919543073429,5.276752355476404
-1493.0503317549662,562.8182660618519,0.14555234745762036,-2083.1317627825015,1517.440591770389,5.14807603563123,-2008.3346932135084,1469.2131955937339,5.278629506471594
-1492.5566830187431,622.0440208484877,0.068435158960372,-1863.3145266008937,1734.848364585319,5.119742146356501,-1957.3104934184773,1499.5357593553326,5.279653552084503
-1490.9372922181526,683.2853980490772,0.055833654291069124,-1507.5767647369255,1443.6310065447567,4.959394217359619,-1906.3241579077583,1530.5638223024953,5.280253045653524
-1489.4955539968885,746.976828958429,0.18489789306612625,-1449.9509496270312,1458.69916853512,4.960710496357711,-1855.594047048529,1561.2812260262426,5.280640005448863
-1487.7270898648349,808.1627831100228,0.15061207109129082,-2094.3499136680903,1735.8791387886645,4.997709997040612,-1813.2487718571488,1590.785049864703,5.288043189263075
-1486.4593484258662,865.3193366410933,0.03540645560855715,-1334.0216696346733,1489.9290941097165,4.961015855726442,-1752.7225144499018,1624.3041741756424,5.278685420295635
-1483.8863646892974,926.8804628350725,0.029650159254687836,-1741.4308984435138,2112.437451445158,5.179138246062477,-1701.6746467560363,1656.9279760739091,5.277185250460716
-1480.8413929116161,988.4218613828846,0.042436951616794616,-1697.5877488991944,1692.392998420561,5.121319073595566,-1661.3675684553368,1688.3520925708963,5.284423154055116
-1477.4616817266083,1052.0924696922189,0.11384300324133267,-1910.753084353625,1840.1289839492395,4.965563509403024,-1611.6760264953223,1720.7700968698437,5.283363920082308
-1474.9570119540103,1113.3334563264398,0.14887186600844515,-1102.7548117172819,1548.9445379709075,4.960491166835354,-1550.8769987267335,1752.7569991364153,5.274255991909859
-1472.445279018242,1172.0042629359787,0.04272956201870137,-1514.4401801493423,1727.2457671498803,5.307518852117283,-1501.0049525220556,1784.5953716515833,5.2738713802497115
-1468.6327593659137,1233.3614823316589,0.023846338953426027,-1735.8234118980486,1884.489159602444,4.9616816678680555,-1461.734210423965,1817.5068596835818,5.281042343246506
-1465.1356698405527,1294.4683702277323,0.030158763281651346,-1092.632818409496,1905.0208223934833,5.168851765162711,-1411.6732056611218,1849.7495779317014,5.279013275485308
-1460.752757703709,1355.744734826359,0.00955597420106713,-908.3636062616537,1661.650100855763,4.986559042768435,-1348.8649055837566,1879.371733311059,5.270058011281717
-1455.5399649215126,1417.2887926454277,0.01993307794439758,-1512.4884911194517,2343.7251161779077,4.964309757442666,-1298.4277767382916,1911.2440191849628,5.267851370717597
-1451.9729107670162,1475.2863305928029,0.0021382084937107138,-1501.350538388987,1949.6787951400815,4.959933966996329,-1259.9227841857928,1944.9210686701063,5.274645998570032
-1447.4822994557924,1540.093994334376,0.11136029716827167,-1446.5288156779047,1885.2281812184488,5.511678032866083,-1197.7915041956212,1973.8266759409735,5.265220246412566
-1441.6578132227858,1600.3993807156808,0.1299271860851139,-1330.0314228981185,2466.4773639516743,4.9291645728289435,-1157.5629787294397,2008.2377704334576,5.2719897118854835
-1437.9807242718414,1657.7229665603677,0.01812688269088447,-921.3522360906943,1699.9596891919857,5.124515075370114,-1107.2375181798852,2039.7274610610075,5.270573619498228
-1434.1666088339107,1719.631964946023,0.013474528828523624,-868.9845322672674,1747.2876285717725,5.490446953302272,-1056.850652510895,2070.5099088203187,5.269787943869107
-1430.3927690527362,1782.471839430742,0.06437180689427979,-682.7436912908412,2101.088749015188,5.1593737436490485,-993.3362662336167,2097.752800243128,5.260265744781183
-1426.6826216336024,1845.3229774614945,0.12388259091823706,-1265.9484587662537,2046.675141387576,4.9586642958501015,-954.1447737989688,2132.419898078356,5.266218377316622
-1421.9284358058364,1906.0413784660223,0.13453237972041432,-911.3326927758957,2131.6632545204684,5.320215249557435,-881.6171635197202,2154.856011759024,5.250429817532123
-1416.756523367779,1963.9335740089848,0.008222424834537279,-1531.3586597110036,2095.704074468555,5.703351402136075,-841.7606133222162,2189.8083174389867,5.256122391299282
-1411.970386964917,2024.5517514988044,0.006815096057751546,-1089.671309733275,2087.6873379565436,4.95689073496702,-801.5182698432641,2224.3457920237224,5.261416438897463
-1406.6270686696125,2086.1647049220746,0.0189376226773339,-901.4455362542249,2079.9859327761424,4.977299440009434,-735.9577144726786,2248.1231970691115,5.250228320327274
-1402.9496269501237,2144.097260182638,0.00022448801456409484,-482.71874129323413,1914.700091356589,5.128110436822662,-683.4849952427057,2277.154056596253,5.248786867034338
-1398.3341942318104,2208.8930917858806,0.10919126132181844,-729.2271670625495,2082.617455815853,5.002137131359183,-643.753600900101,2311.730958155039,5.253434475075829
-1392.3989053913456,2269.177639457877,0.12786104363891937,-498.83409652986563,2110.9821416943273,5.5265515462000305,-569.9597707866292,2328.829245474254,5.238069752971671
-1389.7197698282212,2329.9666754180284,0.16712633184799675,-502.863295417415,2494.995808697088,4.970937849925682,-527.5635494181311,2363.186316865439,5.2423039194886085
-1387.0149014625845,2391.008339130347,0.15390603876975817,-504.76216285590647,2695.838050319475,5.1450429950370635,-475.30464405095563,2391.814045494313,5.240922543328676
